"id","name","phone","patient_id","message","doctor_id","department_id","date","time","created_at","created_by","modified_at","modified_by","status"
5,"Mr. Patient","018534342423",3,"Have Very Problem",1,7,"2023-07-18","05:00PM","2023-07-17 17:26:31",1,NULL,NULL,1
6,"Mr. Patient","018534342423",3,"Magna Unde Consequun",1,7,"2023-07-17","05:00PM","2023-07-17 17:27:43",1,NULL,NULL,1
7,"Mr. Patient","018534342423",3,"Ok",1,7,"2023-07-18","06:00PM","2023-07-17 17:29:26",1,NULL,NULL,1
8,"Mr. Patient","018534342423",3,"",1,7,"2023-07-18","07:00PM","2023-07-17 17:34:10",1,NULL,7,0
9,"Mr. Patient","018534342423",3,"",1,7,"2023-07-18","11:00AM","2023-07-17 17:43:20",1,NULL,NULL,1
10,"Mr. Patient","018534342423",3,"",1,7,"2023-07-18","03:00PM","2023-07-17 17:47:06",1,NULL,7,0
11,"Mr. Patient","018534342423",3,"",1,7,"2023-07-18","04:00PM","2023-07-18 00:22:43",1,NULL,NULL,1
12,"Mr. Patient","018534342423",3,"",1,7,"2023-07-18","03:00PM","2023-07-18 00:23:25",1,NULL,NULL,1
13,"Price Key","01840088124",NULL,"Consectetur Voluptat",2,10,"2023-07-18",NULL,"2023-07-18 01:43:45",NULL,NULL,NULL,1
14,"Steven Mcknight","018403242342",NULL,"Sapiente Quos Perfer",2,10,"2023-07-18",NULL,"2023-07-18 01:48:14",NULL,NULL,NULL,1
15,"Brenden Orr","01875432453",6,"",2,10,"2023-07-19","05:00PM","2023-07-18 02:47:45",5,NULL,7,0
16,"Brenden Orr","01875432453",6,"",2,10,"2023-07-19","03:00PM","2023-07-18 02:51:40",5,NULL,7,0
17,"Brenden Orr","01875432453",6,"",2,10,"2023-07-19",NULL,"2023-07-18 03:08:41",5,NULL,NULL,1
18,"Francesca Beard","01840088188",NULL,"Laboriosam Maxime A",3,1,"2024-09-28",NULL,"2024-09-28 12:35:11",NULL,NULL,7,0
19,"Hakeem Mcclure","01231231231",4,"",1,7,"2024-10-01",NULL,"2024-09-28 21:49:29",7,NULL,NULL,1
20,"Hakeem Mcclure","01231231231",4,"",1,7,"2024-10-02",NULL,"2024-09-28 21:53:22",7,NULL,NULL,1
21,"Hakeem Mcclure","01231231231",4,"",1,7,"2024-10-02",NULL,"2024-09-28 21:53:33",7,NULL,NULL,1
22,"Hakeem Mcclure","01231231231",4,"",1,7,"2024-10-02",NULL,"2024-09-28 21:55:39",7,NULL,NULL,1
23,"Hakeem Mcclure","01231231231",4,"",1,7,"2024-10-04",NULL,"2024-09-28 21:56:06",7,NULL,NULL,1
24,"Hakeem Mcclure","01231231231",4,"",1,7,"2024-10-04",NULL,"2024-09-28 21:56:52",7,NULL,NULL,1
25,"Brenden Orr","01875432453",6,"",1,7,"2024-10-04",NULL,"2024-09-28 21:58:58",7,NULL,NULL,1
26,"Katelyn Pena","01840088189",7,"",1,7,"2024-10-04",NULL,"2024-09-28 21:59:21",7,NULL,NULL,1
27,"Katelyn Pena","01840088189",7,"",1,7,"2024-10-05",NULL,"2024-09-28 22:02:20",7,NULL,NULL,0
